petition_id, user_id, title                                         , content                                                                                                                                                                                                                                                                                                                                                                                                                                                        , subdistrict  , city  , country, tags, created_at                , media_path                                                                                                 , num_agree, num_disagree
          1,       1, this is the fifth test for today              , does this work??? Very anxious...                                                                                                                                                                                                                                                                                                                                                                                                                              , Tajmahal Road, London, UK     , test, 2025-03-18 10:13:25.570466, C:/Users/afnan/OneDrive/Pictures/Screenshots 1/Screenshot 2025-03-24 221827.png                            ,       701,            2
          2,       1, we're now at the sixth test for today         , just populating the petitions list                                                                                                                                                                                                                                                                                                                                                                                                                             , Tajmahal Road, London, UK     , test, 2025-03-18 10:14:04.523113, C:/Users/afnan/OneDrive/Pictures/Screenshots 1/Screenshot 2025-03-24 221815.png                            ,         5,            3
          3,       1, "yep, we've reached the seventh test petition", My hopes are just soooo high for this.....                                                                                                                                                                                                                                                                                                                                                                                                                     , Tomorrowland , London, UK     , test, 2025-03-18 10:15:10.141518, C:/Users/afnan/OneDrive/Pictures/Screenshots 1/Screenshot 2025-03-24 221811.png                            ,         1,            1
          4,       1, "yep, we've reached the eight  test petition" , "I'm gonna take a documentatiing ss, then check the trends tab... 0_0"                                                                                                                                                                                                                                                                                                                                                                                         , Tomorrowland , London, UK     , test, 2025-03-18 10:16:07.116467, C:/Users/afnan/OneDrive/Pictures/Screenshots 1/Screenshot 2025-03-24 221532.png                            ,         1,            3
          5,       1, This is the ninth test petition               , "I'm gonna take a documentatiing ss, then check the trends tab... 0_0"                                                                                                                                                                                                                                                                                                                                                                                         , Tomorrowland , London, UK     , test, 2025-03-18 10:16:22.369933, C:/Users/afnan/OneDrive/Pictures/Screenshots 1/Screenshot 2025-03-24 221512.png                            ,         1,            0
          6,       1, Fix our local canal                           , Loem ipsum bgfvnimkbgfvcdnibgfvdni bg nbgvijbg bi                                                                                                                                                                                                                                                                                                                                                                                                              , Some Borough , London, UK     , test, 2025-03-24 21:57:54.551025, C:/Users/afnan/OneDrive/Pictures/Screenshots 1/Screenshot 2025-03-24 221434.png                            ,         0,            1
          7,       1, Lorem ipsum                                   , "Lorem ipsum dolor sit amet, consectetur adipiscing elit. Sed do eiusmod tempor incididunt ut labore et dolore magna aliqua. Ut enim ad minim veniam, quis nostrud exercitation ullamco laboris nisi ut aliquip ex ea commodo consequat. Duis aute irure dolor in reprehenderit in voluptate velit esse cillum dolore eu fugiat nulla pariatur. Excepteur sint occaecat cupidatat non proident, sunt in culpa qui officia deserunt mollit anim id est laborum.", Some Street  , London, UK     , test, 2025-03-24 22:04:01.948174, C:/Users/afnan/OneDrive/Pictures/Screenshots 1/Screenshot 2025-03-24 221844.png                            ,         0,            0
          8,       1, lorem ipsum                                   , "Lorem ipsum dolor sit amet, consectetur adipiscing elit. Sed do eiusmod tempor incididunt ut labore et dolore magna aliqua. Ut enim ad minim veniam, quis nostrud exercitation ullamco laboris nisi ut aliquip ex ea commodo consequat. Duis aute irure dolor in reprehenderit in voluptate velit esse cillum dolore eu fugiat nulla pariatur. Excepteur sint occaecat cupidatat non proident, sunt in culpa qui officia deserunt mollit anim id est laborum.", Some Street  , London, UK     , test, 2025-03-24 22:12:56.310586, C:/Users/afnan/OneDrive/Pictures/Screenshots 1/Screenshot 2025-03-24 221837.png                            ,         0,            1
          9,       1, post                                          , """C:\Users\afnan\OneDrive\Pictures\Screenshots 1\Screenshot 2025-03-24 221827.png""""C:\Users\afnan\OneDrive\Pictures\Screenshots 1\Screenshot 2025-03-24 221837.png"""                                                                                                                                                                                                                                                                                       , Tajmahal Road, London, UK     , test, 2025-03-24 22:25:57.437182, C:/Users/afnan/OneDrive/Documents/Coding/Projects/Hear_Windows/Screenshots/Screenshot 2025-01-20 195924.png,         0,            0
         10,       1, post                                          , """C:\Users\afnan\OneDrive\Pictures\Screenshots 1\Screenshot 2025-03-24 221827.png""""C:\Users\afnan\OneDrive\Pictures\Screenshots 1\Screenshot 2025-03-24 221837.png"""                                                                                                                                                                                                                                                                                       , location     , London, UK     , test, 2025-03-24 22:42:11.424391, C:/Users/afnan/OneDrive/Documents/Coding/Projects/Hear_Windows/Screenshots/Screenshot 2025-01-20 195924.png,         1,            0
